City_ID,City,Lat,Lng,Max Temp,Humidity,Cloudiness,Wind Speed,Country,Date
0,Saravan,39.7196,45.6483,30.85,88,96,1.05,AM,2021-11-28 19:42:42
1,Qaanaaq,77.484,-69.3632,-8.3,79,25,7.85,GL,2021-11-28 19:37:46
2,Atuona,-9.8,-139.0333,78.33,74,1,18.88,PF,2021-11-28 19:42:43
3,Sambava,-14.2667,50.1667,77.05,85,47,8.39,MG,2021-11-28 19:40:52
4,Pevek,69.7008,170.3133,1.45,84,100,1.45,RU,2021-11-28 19:42:43
5,Bluff,-46.6,168.3333,54.57,70,53,18.54,NZ,2021-11-28 19:42:44
6,Tuktoyaktuk,69.4541,-133.0374,-9.4,77,75,17.27,CA,2021-11-28 19:42:44
7,Aksu,41.1231,80.2644,26.94,59,4,3.67,CN,2021-11-28 19:42:44
8,Hailar,49.2,119.7,4.91,98,93,6.08,CN,2021-11-28 19:42:45
9,Vila Franca Do Campo,37.7167,-25.4333,61.21,70,96,4.92,PT,2021-11-28 19:37:50
10,Castro,-24.7911,-50.0119,81.28,48,78,4.14,BR,2021-11-28 19:42:46
11,Goundam,16.4145,-3.6708,83.95,15,100,10.96,ML,2021-11-28 19:42:46
12,Williams Lake,52.1415,-122.1445,40.57,100,75,12.66,CA,2021-11-28 19:42:46
13,Turan,16.0678,108.2208,73.38,94,75,14.97,VN,2021-11-28 19:38:54
14,Punta Arenas,-53.15,-70.9167,50.11,57,75,29.93,CL,2021-11-28 19:40:54
15,Mataura,-46.1927,168.8643,53.67,61,94,2.19,NZ,2021-11-28 19:42:47
16,Mirante Do Paranapanema,-22.2919,-51.9064,96.73,28,83,6.49,BR,2021-11-28 19:42:47
17,Saint-Pierre,-21.3393,55.4781,76.68,78,20,5.75,RE,2021-11-28 19:42:48
18,Ponta Delgada,37.7333,-25.6667,61.52,72,75,6.91,PT,2021-11-28 19:39:19
19,Santiago,-33.4569,-70.6483,85.44,18,0,5.75,CL,2021-11-28 19:42:48
20,Barrow,71.2906,-156.7887,-11.18,70,90,10.36,US,2021-11-28 19:42:49
21,Butaritari,3.0707,172.7902,81.5,78,79,13.24,KI,2021-11-28 19:42:49
22,Homer,59.6425,-151.5483,12.09,85,90,19.57,US,2021-11-28 19:42:49
23,Ostrovnoy,68.0531,39.5131,16.0,83,100,8.32,RU,2021-11-28 19:42:50
24,Henderson,36.0397,-114.9819,68.99,11,1,0.0,US,2021-11-28 19:42:50
25,Rikitea,-23.1203,-134.9692,76.33,77,12,16.82,PF,2021-11-28 19:39:07
26,Thompson,55.7435,-97.8558,6.96,78,40,3.44,CA,2021-11-28 19:39:29
27,Cestas,44.7435,-0.6791,42.46,87,90,5.75,FR,2021-11-28 19:42:51
28,Cangzhou,38.3167,116.8667,43.14,86,11,3.13,CN,2021-11-28 19:42:51
29,Salmon Arm,50.6998,-119.3024,40.32,93,100,2.3,CA,2021-11-28 19:42:51
30,Greystones,53.1408,-6.0631,36.18,75,29,12.37,IE,2021-11-28 19:42:52
31,Hearst,49.6835,-83.6665,23.25,91,100,6.96,CA,2021-11-28 19:42:52
32,Hermanus,-34.4187,19.2345,64.36,83,62,8.59,ZA,2021-11-28 19:42:52
33,Saskylakh,71.9167,114.0833,-18.44,99,99,4.65,RU,2021-11-28 19:42:12
34,Marovoay,-16.1,46.6333,80.74,92,22,1.41,MG,2021-11-28 19:42:53
35,Airai,-8.9266,125.4092,60.6,90,100,0.96,TL,2021-11-28 19:42:14
36,General Pico,-35.6566,-63.7568,78.67,29,5,15.7,AR,2021-11-28 19:42:54
37,Upernavik,72.7868,-56.1549,-8.97,78,5,11.63,GL,2021-11-28 19:42:42
38,Mar Del Plata,-38.0023,-57.5575,66.22,88,90,16.11,AR,2021-11-28 19:40:49
39,Eydhafushi,5.1033,73.0708,79.95,81,100,13.09,MV,2021-11-28 19:42:54
40,Hobart,-42.8794,147.3294,49.86,93,0,6.91,AU,2021-11-28 19:42:55
41,Karratha,-20.7377,116.8463,81.23,62,11,4.41,AU,2021-11-28 19:42:55
42,Hofn,64.2539,-15.2082,31.05,98,100,9.15,IS,2021-11-28 19:42:55
43,Cape Town,-33.9258,18.4232,64.81,88,40,4.61,ZA,2021-11-28 19:43:56
44,Sawtell,-30.3833,153.1,64.72,88,90,9.22,AU,2021-11-28 19:43:56
45,Kodiak,57.79,-152.4072,6.31,56,1,0.0,US,2021-11-28 19:42:50
46,Capao Bonito,-24.0058,-48.3494,84.24,40,100,7.09,BR,2021-11-28 19:43:57
47,Touros,-5.1989,-35.4608,86.9,72,43,11.86,BR,2021-11-28 19:43:57
48,Albany,42.6001,-73.9662,32.58,74,93,4.94,US,2021-11-28 19:41:59
49,Bathsheba,13.2167,-59.5167,86.61,66,20,14.97,BB,2021-11-28 19:43:58
50,Nikolskoye,59.7035,30.7861,24.69,93,97,4.92,RU,2021-11-28 19:43:58
51,Fairbanks,64.8378,-147.7164,-25.64,72,1,0.0,US,2021-11-28 19:39:09
52,Ushuaia,-54.8,-68.3,47.86,66,40,35.68,AR,2021-11-28 19:43:47
53,Yellowknife,62.456,-114.3525,16.32,92,90,14.97,CA,2021-11-28 19:43:59
54,Port Alfred,-33.5906,26.891,66.25,80,8,7.87,ZA,2021-11-28 19:41:15
55,Leningradskiy,69.3833,178.4167,-21.14,94,85,11.3,RU,2021-11-28 19:42:13
56,Dikson,73.5069,80.5464,-15.05,100,100,11.97,RU,2021-11-28 19:43:59
57,Provideniya,64.3833,-173.3,-5.3,77,8,5.32,RU,2021-11-28 19:42:36
58,Grindavik,63.8424,-22.4338,43.27,100,90,13.8,IS,2021-11-28 19:42:30
59,Ambon,-3.6954,128.1814,81.55,74,96,3.44,ID,2021-11-28 19:44:00
60,Port Elizabeth,-33.918,25.5701,66.49,72,0,25.32,ZA,2021-11-28 19:44:00
61,Beloha,-25.1667,45.05,64.02,65,3,14.97,MG,2021-11-28 19:44:01
62,Keetmanshoop,-26.5833,18.1333,77.92,10,34,7.78,NA,2021-11-28 19:44:01
63,Lorengau,-2.0226,147.2712,79.9,81,96,2.55,PG,2021-11-28 19:44:02
64,Emerald,-23.5333,148.1667,73.54,100,90,10.36,AU,2021-11-28 19:44:02
65,Jumla,29.2747,82.1838,39.69,65,0,4.9,NP,2021-11-28 19:39:03
66,Kapaa,22.0752,-159.319,77.32,69,40,9.22,US,2021-11-28 19:40:57
67,Vaini,-21.2,-175.2,78.96,73,20,11.5,TO,2021-11-28 19:43:27
68,Severo-Kurilsk,50.6789,156.125,33.08,82,100,12.57,RU,2021-11-28 19:44:03
69,Chokurdakh,70.6333,147.9167,-39.28,100,75,0.56,RU,2021-11-28 19:44:03
70,Monte Alegre,-2.0078,-54.0692,88.65,48,91,9.06,BR,2021-11-28 19:44:03
71,Vao,-22.6667,167.4833,75.88,88,22,21.7,NC,2021-11-28 19:44:04
72,Southbridge,42.0751,-72.0334,35.24,78,98,4.36,US,2021-11-28 19:44:04
73,Villa Carlos Paz,-31.4241,-64.4978,76.28,23,0,13.42,AR,2021-11-28 19:44:05
74,New Norfolk,-42.7826,147.0587,49.5,88,38,2.39,AU,2021-11-28 19:41:03
75,Maceio,-9.6658,-35.7353,89.04,62,20,12.66,BR,2021-11-28 19:40:01
76,Busselton,-33.65,115.3333,60.35,85,23,8.59,AU,2021-11-28 19:44:05
77,Fortuna,40.5982,-124.1573,53.94,73,40,4.74,US,2021-11-28 19:41:52
78,Mahebourg,-20.4081,57.7,75.49,83,20,3.44,MU,2021-11-28 19:42:44
79,Cabo San Lucas,22.8909,-109.9124,79.11,65,90,3.44,MX,2021-11-28 19:40:01
80,Souillac,-20.5167,57.5167,75.58,83,20,3.44,MU,2021-11-28 19:44:06
81,Hithadhoo,-0.6,73.0833,81.52,75,51,17.29,MV,2021-11-28 19:42:18
82,Lazarev,52.225,141.5131,19.4,95,100,4.54,RU,2021-11-28 19:44:07
83,Liseleje,56.0053,11.9483,37.65,97,100,25.57,DK,2021-11-28 19:44:07
84,Acuitzio,20.345,-101.9771,79.21,27,65,0.34,MX,2021-11-28 19:44:08
85,Tasiilaq,65.6145,-37.6368,26.76,97,96,3.44,GL,2021-11-28 19:44:08
86,Poshekhonye,58.4993,39.1353,33.93,90,100,13.56,RU,2021-11-28 19:44:08
87,Faanui,-16.4833,-151.75,81.37,74,100,11.81,PF,2021-11-28 19:44:09
88,Isangel,-19.55,169.2667,79.93,79,100,6.51,VU,2021-11-28 19:44:09
89,Coquimbo,-29.9533,-71.3436,64.87,69,4,9.22,CL,2021-11-28 19:43:16
90,Pecos,31.4229,-103.4932,61.63,29,1,3.44,US,2021-11-28 19:45:10
91,Ribeira Grande,38.5167,-28.7,61.2,67,20,6.91,PT,2021-11-28 19:42:15
92,Lugovoy,42.9472,72.7644,28.38,62,9,4.25,KZ,2021-11-28 19:45:10
93,Laguna,38.421,-121.4238,71.42,61,1,4.61,US,2021-11-28 19:45:11
94,Pitimbu,-7.4706,-34.8086,84.79,71,71,10.27,BR,2021-11-28 19:43:18
95,Kabo,7.6994,18.629,78.67,25,88,3.47,CF,2021-11-28 19:45:12
96,Atambua,-9.1061,124.8925,74.62,83,100,2.42,ID,2021-11-28 19:45:12
97,Avarua,-21.2078,-159.775,77.05,65,0,4.61,CK,2021-11-28 19:42:15
98,Fort Payne,34.4442,-85.7197,58.91,44,1,5.75,US,2021-11-28 19:45:12
99,Komsomolskiy,40.4272,71.7189,33.22,80,21,4.61,UZ,2021-11-28 19:45:13
100,Katsuura,35.1333,140.3,48.31,55,2,1.41,JP,2021-11-28 19:45:13
101,Cherskiy,68.75,161.3,-9.02,99,100,6.42,RU,2021-11-28 19:45:14
102,Canton,23.1167,113.25,64.35,53,11,7.99,CN,2021-11-28 19:40:56
103,Kruisfontein,-34.0033,24.7314,63.73,76,0,18.41,ZA,2021-11-28 19:45:14
104,Vostok,46.4856,135.8833,16.34,89,95,5.19,RU,2021-11-28 19:45:15
105,Mehran,33.1222,46.1646,67.48,37,10,10.94,IR,2021-11-28 19:45:15
106,Marzuq,14.4,46.4667,64.47,29,0,3.18,YE,2021-11-28 19:45:15
107,Ndjole,-0.1783,10.7649,76.98,92,98,3.76,GA,2021-11-28 19:45:16
108,Ilulissat,69.2167,-51.1,15.82,48,100,2.3,GL,2021-11-28 19:45:16
109,Kirakira,-10.4544,161.9205,81.54,80,96,5.84,SB,2021-11-28 19:45:17
110,Bambous Virieux,-20.3428,57.7575,75.45,83,20,3.44,MU,2021-11-28 19:42:23
111,Hohhot,40.8106,111.6522,26.89,59,20,13.42,CN,2021-11-28 19:45:17
112,Bredasdorp,-34.5322,20.0403,63.72,79,16,7.47,ZA,2021-11-28 19:42:12
113,Lebu,-37.6167,-73.65,56.89,67,6,19.64,CL,2021-11-28 19:45:18
114,Banbury,52.0602,-1.3403,31.64,98,100,6.8,GB,2021-11-28 19:45:18
115,Socorro,31.6546,-106.3033,60.66,30,1,0.0,US,2021-11-28 19:45:19
116,Mutoko,-17.397,32.2268,66.85,50,12,4.63,ZW,2021-11-28 19:45:19
117,Troitskoye,52.9821,84.6757,14.05,91,59,4.7,RU,2021-11-28 19:45:20
118,Dehloran,32.6941,47.2679,68.94,34,40,3.87,IR,2021-11-28 19:45:20
119,Northam,51.0333,-4.2167,40.62,74,99,21.07,GB,2021-11-28 19:45:20
120,Kaitangata,-46.2817,169.8464,53.85,58,100,7.56,NZ,2021-11-28 19:45:21
121,Westport,41.1415,-73.3579,40.98,80,90,6.91,US,2021-11-28 19:45:21
122,Rocha,-34.4833,-54.3333,68.5,91,100,4.18,UY,2021-11-28 19:45:21
123,Edendale,-29.6528,30.3147,65.05,63,4,4.47,ZA,2021-11-28 19:45:22
124,Sinnamary,5.3833,-52.95,82.18,71,22,7.72,GF,2021-11-28 19:43:23
125,Imeni Poliny Osipenko,52.4201,136.4853,13.98,96,100,4.16,RU,2021-11-28 19:45:22
126,Riyadh,24.6877,46.7219,64.54,33,0,7.58,SA,2021-11-28 19:45:12
127,Marawi,7.9986,124.2928,68.23,92,72,2.62,PH,2021-11-28 19:45:23
128,Zhuhai,22.2769,113.5678,69.51,73,0,12.66,CN,2021-11-28 19:45:23
129,Domoni,-12.2569,44.5319,78.71,86,67,5.28,KM,2021-11-28 19:45:24
130,Hilo,19.7297,-155.09,78.53,65,1,6.91,US,2021-11-28 19:45:24
131,Ayan,56.45,138.1667,7.16,69,14,16.84,RU,2021-11-28 19:45:24
132,Bowling Green,36.9903,-86.4436,54.18,40,1,10.36,US,2021-11-28 19:43:32
133,Necochea,-38.5473,-58.7368,65.37,81,100,9.24,AR,2021-11-28 19:45:25
134,Kulhudhuffushi,6.6221,73.07,79.84,81,100,10.83,MV,2021-11-28 19:45:25
135,Ardmore,34.1743,-97.1436,62.38,34,1,9.22,US,2021-11-28 19:44:34
136,Marevo,57.3146,32.0804,31.35,97,100,0.94,RU,2021-11-28 19:46:26
137,Kargil,34.5667,76.1,11.73,63,3,3.51,IN,2021-11-28 19:46:26
138,Saint-Augustin,51.226,-58.6502,34.81,80,100,24.23,CA,2021-11-28 19:43:23
139,Bam,29.106,58.357,58.68,34,83,1.97,IR,2021-11-28 19:46:27
140,Mount Isa,-20.7333,139.5,76.77,31,75,12.66,AU,2021-11-28 19:46:27
141,Dunedin,-45.8742,170.5036,58.44,57,57,1.99,NZ,2021-11-28 19:46:27
142,Portobelo,9.55,-79.65,81.01,87,100,7.58,PA,2021-11-28 19:46:28
143,Aklavik,68.2191,-135.0107,-13.97,70,40,14.97,CA,2021-11-28 19:45:20
144,Naifaru,5.4444,73.3657,79.81,80,100,11.48,MV,2021-11-28 19:46:28
145,Kemin,42.7846,75.6892,30.27,49,2,10.07,KG,2021-11-28 19:42:47
146,Haines Junction,60.7522,-137.5108,-23.85,69,100,1.14,CA,2021-11-28 19:46:29
147,Torbay,47.6666,-52.7314,47.17,66,75,17.27,CA,2021-11-28 19:44:16
148,Srandakan,-7.9386,110.2506,75.67,86,98,2.91,ID,2021-11-28 19:46:30
149,Novoomskiy,54.8415,73.3017,6.82,85,57,2.24,RU,2021-11-28 19:46:30
150,Douglas,41.3,-96.167,48.13,43,1,6.91,US,2021-11-28 19:46:31
151,Tubuala,9.5167,-79.0333,82.51,84,100,8.5,PA,2021-11-28 19:46:31
152,Tokomaru,-40.4667,175.5,63.05,82,75,4.14,NZ,2021-11-28 19:46:31
153,Nanortalik,60.1432,-45.2371,41.58,93,100,15.03,GL,2021-11-28 19:46:32
154,Jamestown,42.097,-79.2353,36.72,93,90,12.66,US,2021-11-28 19:42:33
155,Puerto Ayora,-0.7393,-90.3518,76.96,81,87,10.07,EC,2021-11-28 19:46:32
156,Los Llanos De Aridane,28.6585,-17.9182,64.15,68,75,19.57,ES,2021-11-28 19:46:33
157,Sherlovaya Gora,50.5667,116.25,-1.79,94,19,1.7,RU,2021-11-28 19:46:33
158,Norman Wells,65.282,-126.8329,-15.25,95,99,6.38,CA,2021-11-28 19:46:33
159,Ponta Do Sol,32.6667,-17.1,63.23,76,57,8.52,PT,2021-11-28 19:46:34
160,Faya,18.3851,42.4509,62.71,37,0,5.61,SA,2021-11-28 19:46:34
161,Great Falls,47.5002,-111.3008,61.99,33,1,33.38,US,2021-11-28 19:46:34
162,Pahasu,28.1833,78.05,64.13,53,1,2.86,IN,2021-11-28 19:46:35
163,Geraldton,-28.7667,114.6,68.41,88,90,11.5,AU,2021-11-28 19:46:35
164,Sergeyevka,53.88,67.4158,12.38,83,100,7.61,KZ,2021-11-28 19:46:35
165,Nieuw Amsterdam,5.8833,-55.0833,89.76,55,20,11.5,SR,2021-11-28 19:46:36
166,Montivilliers,49.5452,0.1877,41.77,60,75,12.66,FR,2021-11-28 19:46:36
167,Mariinsk,56.2139,87.7472,17.73,89,100,11.86,RU,2021-11-28 19:46:36
168,Rafaela,-31.2503,-61.4867,77.92,39,5,17.38,AR,2021-11-28 19:46:37
169,Broome,42.2506,-75.833,32.77,100,90,6.91,US,2021-11-28 19:46:37
170,Major Isidoro,-9.5322,-36.985,87.87,50,85,15.39,BR,2021-11-28 19:46:37
171,Muros,42.7762,-9.0603,52.3,80,66,16.44,ES,2021-11-28 19:43:00
172,Caravelas,-17.7125,-39.2481,75.27,92,33,10.45,BR,2021-11-28 19:46:38
173,Salina Cruz,16.1667,-95.2,88.34,46,100,21.25,MX,2021-11-28 19:42:48
174,Bengkulu,-3.8004,102.2655,75.94,86,100,4.85,ID,2021-11-28 19:46:38
175,Cayenne,4.9333,-52.3333,84.24,79,75,4.61,GF,2021-11-28 19:46:39
176,Hualmay,-11.0964,-77.6139,70.68,74,68,10.51,PE,2021-11-28 19:44:17
177,Jacareacanga,-6.2222,-57.7528,83.25,70,98,2.55,BR,2021-11-28 19:46:39
178,Georgetown,5.4112,100.3354,76.95,88,20,0.0,MY,2021-11-28 19:45:12
179,Chifeng,42.2683,118.9636,31.03,65,100,1.36,CN,2021-11-28 19:46:40
180,Shimoda,34.6667,138.95,49.64,61,39,5.26,JP,2021-11-28 19:46:40
181,Klaksvik,62.2266,-6.589,36.52,64,100,7.05,FO,2021-11-28 19:46:40
182,Rio Gallegos,-51.6226,-69.2181,71.65,10,75,35.68,AR,2021-11-28 19:45:42
183,Praia Da Vitoria,38.7333,-27.0667,57.45,88,20,3.36,PT,2021-11-28 19:47:41
184,Saryozek,44.3583,77.9753,28.26,38,0,2.57,KZ,2021-11-28 19:47:41
185,Salalah,17.0151,54.0924,75.29,78,0,2.3,OM,2021-11-28 19:43:24
186,Trinidad,-14.8333,-64.9,87.78,66,75,16.11,BO,2021-11-28 19:47:42
187,Lufilufi,-13.8745,-171.5986,82.18,78,97,14.63,WS,2021-11-28 19:47:42
188,Opelousas,30.5335,-92.0815,64.42,55,90,6.91,US,2021-11-28 19:47:42
189,Talnakh,69.4865,88.3972,-15.72,98,66,2.28,RU,2021-11-28 19:44:48
190,Ahipara,-35.1667,173.1667,66.34,71,100,2.21,NZ,2021-11-28 19:47:43
191,Hasaki,35.7333,140.8333,34.2,48,1,1.43,JP,2021-11-28 19:45:20
192,Odienne,9.51,-7.5692,79.79,38,12,1.77,CI,2021-11-28 19:47:43
193,Clarence Town,-32.5833,151.7833,60.71,86,100,0.92,AU,2021-11-28 19:47:44
194,Lao Cai,22.4833,103.95,61.68,93,2,1.57,VN,2021-11-28 19:47:44
195,Arraial Do Cabo,-22.9661,-42.0278,82.36,69,40,10.36,BR,2021-11-28 19:47:44
196,Palmer,42.1584,-72.3287,35.53,64,90,4.61,US,2021-11-28 19:47:45
197,Licheng,23.2955,113.8284,64.33,71,5,5.35,CN,2021-11-28 19:47:45
198,Kutum,14.2,24.6667,69.82,19,0,9.42,SD,2021-11-28 19:47:34
199,Port Blair,11.6667,92.75,79.86,74,11,7.54,IN,2021-11-28 19:47:46
200,Ferrol,43.4832,-8.2369,54.12,85,100,16.08,ES,2021-11-28 19:47:46
201,Narrabri,-30.3167,149.7833,62.69,88,90,6.91,AU,2021-11-28 19:47:46
202,Plettenberg Bay,-34.0527,23.3716,64.74,83,80,9.06,ZA,2021-11-28 19:47:47
203,Lima,-12.0432,-77.0282,68.25,73,40,5.75,PE,2021-11-28 19:43:49
204,Kupang,-10.1667,123.5833,79.48,81,100,3.62,ID,2021-11-28 19:47:47
205,Mnogovershinnyy,53.9353,139.9242,16.27,95,100,3.87,RU,2021-11-28 19:47:47
206,Saryg-Sep,51.5,95.6,1.98,99,100,2.28,RU,2021-11-28 19:47:48
207,Poum,-20.2333,164.0167,79.36,77,55,5.26,NC,2021-11-28 19:47:48
208,Baruun-Urt,46.6806,113.2792,7.34,98,82,4.36,MN,2021-11-28 19:46:37
209,Urumqi,43.801,87.6005,11.35,85,0,6.71,CN,2021-11-28 19:47:49
210,Yebaishou,41.3975,119.6408,32.85,78,58,5.68,CN,2021-11-28 19:47:49
211,Kailua,21.4022,-157.7394,78.78,65,1,9.22,US,2021-11-28 19:47:49
212,Waki,34.0667,134.15,38.62,64,0,4.38,JP,2021-11-28 19:47:50
213,Cidreira,-30.1811,-50.2056,72.84,85,100,7.52,BR,2021-11-28 19:47:50
214,Nerchinskiy Zavod,51.3088,119.61,-4.0,100,31,1.81,RU,2021-11-28 19:47:50
215,Saldanha,-33.0117,17.9442,64.45,85,0,5.44,ZA,2021-11-28 19:47:51
216,Sao Filipe,14.8961,-24.4956,76.91,70,93,14.29,CV,2021-11-28 19:46:03
217,Dingle,10.9995,122.6711,75.13,94,61,7.4,PH,2021-11-28 19:47:51
218,Severodvinsk,64.5635,39.8302,5.11,91,100,6.35,RU,2021-11-28 19:47:51
219,Virginia Beach,36.8529,-75.978,62.65,27,75,10.36,US,2021-11-28 19:47:52
220,Stornoway,58.2093,-6.3865,33.76,86,96,0.0,GB,2021-11-28 19:47:52
221,Hovd,48.0056,91.6419,15.89,35,18,0.81,MN,2021-11-28 19:47:52
222,Quang Ngai,15.1167,108.8,75.34,95,100,11.68,VN,2021-11-28 19:47:53
223,Mwanza,-2.5167,32.9,73.45,83,40,0.0,TZ,2021-11-28 19:47:53
224,Husavik,66.0449,-17.3389,28.31,94,100,6.04,IS,2021-11-28 19:46:08
225,Alihe,50.5667,123.7167,7.63,98,77,2.84,CN,2021-11-28 19:47:54
226,Tinde,-3.8833,33.2,73.72,65,90,4.32,TZ,2021-11-28 19:47:54
227,Shache,38.4167,77.2406,29.08,38,32,3.36,CN,2021-11-28 19:47:55
228,Shihezi,44.3,86.0333,24.84,65,0,0.74,CN,2021-11-28 19:48:55
229,Ippy,6.2679,21.2247,77.23,36,99,2.26,CF,2021-11-28 19:48:55
230,Fergus Falls,46.283,-96.0776,38.66,55,1,3.44,US,2021-11-28 19:48:56
231,Port-Gentil,-0.7193,8.7815,80.56,83,20,8.05,GA,2021-11-28 19:47:30
232,Goure,13.9835,10.2704,76.28,12,11,7.65,NE,2021-11-28 19:48:56
233,Kjollefjord,70.9457,27.3465,14.05,93,27,15.1,NO,2021-11-28 19:48:56
234,Veshenskaya,49.6303,41.7334,43.16,95,100,6.91,RU,2021-11-28 19:48:57
235,Longyearbyen,78.2186,15.6401,8.44,61,75,26.46,SJ,2021-11-28 19:48:57
236,Nome,64.5011,-165.4064,-16.53,69,1,5.75,US,2021-11-28 19:48:58
237,Kenai,60.5544,-151.2583,3.29,85,90,10.36,US,2021-11-28 19:48:58
238,Juneau,58.3019,-134.4197,30.2,86,90,5.75,US,2021-11-28 19:45:21
239,Tura,25.5198,90.2201,59.36,65,5,3.33,IN,2021-11-28 19:48:59
240,Palembang,-2.9167,104.7458,74.97,83,100,0.76,ID,2021-11-28 19:49:00
241,Garachine,8.0647,-78.3628,82.04,80,55,6.76,PA,2021-11-28 19:49:00
242,Benguela,-12.5763,13.4055,76.01,81,97,8.66,AO,2021-11-28 19:49:00
243,Bethel,41.3712,-73.414,37.98,69,90,3.44,US,2021-11-28 19:45:00
244,Roma,43.2128,-75.4557,33.94,80,90,5.75,US,2021-11-28 19:49:01
245,Key West,24.5557,-81.7826,75.2,60,1,4.61,US,2021-11-28 19:49:01
246,Becej,45.6163,20.0333,46.35,88,100,9.57,RS,2021-11-28 19:49:02
247,Hamilton,39.1834,-84.5333,45.84,42,1,14.97,US,2021-11-28 19:48:34
248,Dalvik,65.9702,-18.5286,28.33,96,100,2.39,IS,2021-11-28 19:49:02
249,Taguisa,6.6983,124.0358,77.94,82,76,4.0,PH,2021-11-28 19:49:02
250,Ternate,0.8,127.4,78.35,82,100,1.21,ID,2021-11-28 19:49:03
251,Cururupu,-1.8283,-44.8683,84.07,67,70,5.75,BR,2021-11-28 19:49:03
252,Quelimane,-17.8786,36.8883,75.15,78,0,4.61,MZ,2021-11-28 19:49:04
253,Carutapera,-1.195,-46.02,84.2,66,6,8.14,BR,2021-11-28 19:46:07
254,Mariental,-24.6333,17.9667,75.67,4,0,9.8,NA,2021-11-28 19:49:04
255,Barcelos,41.5388,-8.6151,55.54,90,83,7.72,PT,2021-11-28 19:45:41
256,El Tigre,8.8875,-64.2454,84.65,55,99,10.92,VE,2021-11-28 19:49:05
257,Jackson,42.4165,-122.8345,61.84,87,90,0.0,US,2021-11-28 19:49:05
258,Kamenka,51.3223,42.7678,41.76,94,100,7.74,RU,2021-11-28 19:49:06
259,Acapulco,16.8634,-99.8901,84.65,64,91,6.35,MX,2021-11-28 19:49:07
260,Sungaipenuh,-2.0833,101.3833,62.04,96,100,1.68,ID,2021-11-28 19:49:07
261,Manaus,-3.1019,-60.025,84.69,74,75,3.44,BR,2021-11-28 19:49:07
262,Bereda,43.2686,-7.5406,49.75,94,100,6.93,ES,2021-11-28 19:49:08
263,Paciran,-6.8767,112.3761,76.46,88,100,3.69,ID,2021-11-28 19:49:08
264,Shrewsbury,52.7101,-2.7521,33.84,93,75,5.75,GB,2021-11-28 19:47:57
265,Amberley,39.2048,-84.428,45.16,41,1,14.97,US,2021-11-28 19:49:09
266,Russell,32.3502,-85.1999,55.11,43,90,5.75,US,2021-11-28 19:49:09
267,Saint George,37.1041,-113.5841,70.27,24,1,4.61,US,2021-11-28 19:45:19
268,Paramonga,-10.6667,-77.8333,70.43,76,83,10.22,PE,2021-11-28 19:49:10
269,Berbera,10.4396,45.0143,81.77,55,1,6.55,SO,2021-11-28 19:49:10
270,Maracacume,-2.0428,-45.9592,85.1,61,70,2.64,BR,2021-11-28 19:49:10
271,Kavieng,-2.5744,150.7967,81.18,79,74,9.08,PG,2021-11-28 19:49:11
272,Carnarvon,-24.8667,113.6333,75.27,64,0,14.97,AU,2021-11-28 19:45:25
273,Kieta,-6.2167,155.6333,79.83,82,100,0.67,PG,2021-11-28 19:50:12
274,Chuy,-33.6971,-53.4616,66.69,95,100,3.24,UY,2021-11-28 19:47:42
275,Hurghada,27.2574,33.8129,71.64,37,0,0.0,EG,2021-11-28 19:50:12
276,Tateyama,34.9833,139.8667,48.22,55,9,4.09,JP,2021-11-28 19:50:12
277,Luderitz,-26.6481,15.1594,61.86,83,4,9.31,NA,2021-11-28 19:47:24
278,Port Hardy,50.6996,-127.4199,50.18,93,75,2.3,CA,2021-11-28 19:45:19
279,San Patricio,28.017,-97.5169,70.21,61,100,10.74,US,2021-11-28 19:50:13
280,Codrington,-38.2667,141.9667,48.04,92,1,7.99,AU,2021-11-28 19:45:58
281,Along,28.1667,94.7667,52.05,64,0,1.9,IN,2021-11-28 19:50:13
282,Olivet,47.8622,1.8991,33.55,86,0,9.22,FR,2021-11-28 19:50:14
283,Balgazyn,51.0,95.2,2.75,96,96,1.5,RU,2021-11-28 19:50:14
284,Benavente,42.0025,-5.6783,48.31,85,100,12.44,ES,2021-11-28 19:50:14
285,Hobyo,5.3505,48.5268,81.43,78,32,15.08,SO,2021-11-28 19:50:15
286,Lompoc,34.6391,-120.4579,73.81,18,1,0.0,US,2021-11-28 19:50:15
287,Tomatlan,19.9333,-105.25,88.5,44,75,9.33,MX,2021-11-28 19:50:15
288,Prado,-17.3411,-39.2208,75.2,93,53,13.38,BR,2021-11-28 19:50:16
289,Mayo,38.8876,-76.5119,60.78,51,51,3.6,US,2021-11-28 19:50:16
290,Alta Floresta,-9.8756,-56.0861,89.42,66,20,6.91,BR,2021-11-28 19:50:16
291,Wukari,7.85,9.7833,80.47,21,99,2.39,NG,2021-11-28 19:50:17
292,Rosario,-32.9468,-60.6393,69.71,64,75,23.02,AR,2021-11-28 19:47:55
293,Velasco Ibarra,-1.05,-79.6167,83.77,57,100,3.33,EC,2021-11-28 19:50:17
294,Tiksi,71.6872,128.8694,-13.34,99,99,6.44,RU,2021-11-28 19:50:18
295,Ekhabi,53.5102,142.9671,21.76,72,100,8.23,RU,2021-11-28 19:50:18
296,Oussouye,12.485,-16.5469,82.58,61,97,9.08,SN,2021-11-28 19:50:18
297,Balingasay,16.3573,119.8564,80.28,77,65,11.07,PH,2021-11-28 19:50:19
298,Gaspe,48.8334,-64.4819,32.22,69,75,11.5,CA,2021-11-28 19:50:19
299,Sorland,67.667,12.6934,31.86,59,100,14.45,NO,2021-11-28 19:50:19
300,Daru,-9.0763,143.2092,79.14,80,100,3.04,PG,2021-11-28 19:50:20
301,Buriti Bravo,-5.8372,-43.8336,82.83,64,100,2.44,BR,2021-11-28 19:50:20
302,Coihueco,-36.6167,-71.8333,77.74,25,0,13.8,CL,2021-11-28 19:50:20
303,Glenwood Springs,39.5505,-107.3248,55.2,38,1,4.61,US,2021-11-28 19:50:21
304,Havoysund,70.9963,24.6622,14.23,88,53,11.43,NO,2021-11-28 19:50:21
305,Kerman,30.2832,57.0788,48.06,46,0,4.61,IR,2021-11-28 19:50:22
306,Sitka,57.0531,-135.33,35.49,69,75,16.11,US,2021-11-28 19:50:22
307,Pangody,65.85,74.4859,-22.9,100,91,3.11,RU,2021-11-28 19:50:22
308,Hami,42.8,93.45,24.96,57,0,4.76,CN,2021-11-28 19:50:23
309,Kalabo,-14.97,22.6814,73.65,63,76,4.63,ZM,2021-11-28 19:50:23
310,Tambun,-6.2641,107.0712,75.09,80,83,1.14,ID,2021-11-28 19:50:23
311,Lusambo,-4.9667,23.45,69.82,98,98,2.15,CD,2021-11-28 19:50:24
312,Kamaishi,39.2667,141.8833,40.42,71,3,5.26,JP,2021-11-28 19:50:24
313,Panaba,21.2833,-88.2667,86.41,43,16,2.68,MX,2021-11-28 19:50:24
314,Qingquan,30.4511,115.2559,53.19,71,29,3.2,CN,2021-11-28 19:50:24
315,Muravlenko,63.7898,74.523,-6.54,97,100,5.68,RU,2021-11-28 19:50:25
316,Gorno-Altaysk,51.9561,85.955,15.37,93,97,3.89,RU,2021-11-28 19:50:25
317,Alofi,-19.0595,-169.9187,78.69,61,65,12.66,NU,2021-11-28 19:50:26
318,Bolshaya Sosnova,57.6713,54.6029,29.52,96,100,15.43,RU,2021-11-28 19:50:26
319,Novopokrovskaya,45.9514,40.7006,51.62,71,100,6.06,RU,2021-11-28 19:50:26
320,Nyurba,63.2842,118.3319,-17.59,100,72,3.47,RU,2021-11-28 19:51:27
321,Acarau,-2.8856,-40.12,83.59,69,23,17.58,BR,2021-11-28 19:51:27
322,Carupano,10.6678,-63.2585,84.0,70,76,12.82,VE,2021-11-28 19:51:27
323,Khatanga,71.9667,102.5,-8.54,98,100,9.17,RU,2021-11-28 19:47:44
324,Nekhayevskiy,50.4106,41.7561,41.14,96,100,6.73,RU,2021-11-28 19:51:28
325,Jiangyou,31.7667,104.7167,53.31,72,100,3.65,CN,2021-11-28 19:51:28
326,Myaundzha,63.0494,147.1858,-9.4,99,100,3.56,RU,2021-11-28 19:51:29
327,Hirado,33.3597,129.5531,54.66,58,75,6.91,JP,2021-11-28 19:51:29
328,Huarmey,-10.0681,-78.1522,71.78,75,89,10.94,PE,2021-11-28 19:51:29
329,Iquique,-20.2208,-70.1431,68.04,71,96,5.88,CL,2021-11-28 19:51:30
330,Victoria,22.2855,114.1577,69.78,69,47,6.42,HK,2021-11-28 19:51:30
331,High Prairie,55.4334,-116.4858,40.3,84,100,10.09,CA,2021-11-28 19:50:04
332,Uray,60.1247,64.7758,23.16,88,100,11.32,RU,2021-11-28 19:51:30
333,Shingu,33.7333,135.9833,43.23,70,0,4.92,JP,2021-11-28 19:48:49
334,Sao Felix Do Xingu,-6.6447,-51.995,84.96,66,96,2.19,BR,2021-11-28 19:51:31
335,Xudat,41.631,48.681,47.53,81,78,1.7,AZ,2021-11-28 19:51:31
336,Port Moresby,-9.4431,147.1797,76.33,87,99,1.97,PG,2021-11-28 19:51:32
337,Iwaki,37.05,140.8833,40.44,67,0,4.74,JP,2021-11-28 19:51:32
338,Verdun,49.25,5.3333,33.19,98,99,5.32,FR,2021-11-28 19:51:32
339,Cuamba,-14.8031,36.5372,73.15,57,0,4.36,MZ,2021-11-28 19:51:33
340,Manokwari,-0.8667,134.0833,79.09,77,100,4.61,ID,2021-11-28 19:51:33
341,Newport,51.5877,-2.9984,41.11,84,49,18.28,GB,2021-11-28 19:51:33
342,Demirci,39.0461,28.6589,49.84,65,6,6.87,TR,2021-11-28 19:51:34
343,Mehamn,71.0357,27.8492,14.18,92,36,14.47,NO,2021-11-28 19:47:23
344,Shenjiamen,29.9576,122.298,62.35,84,100,7.38,CN,2021-11-28 19:51:34
345,Umm Lajj,25.0213,37.2685,82.53,48,0,10.49,SA,2021-11-28 19:50:23
346,Lixourion,38.2019,20.4314,65.07,89,84,23.17,GR,2021-11-28 19:51:35
347,Inuvik,68.3499,-133.7218,-10.19,80,75,9.22,CA,2021-11-28 19:51:35
348,Wuda,39.4994,106.7117,28.38,26,100,21.83,CN,2021-11-28 19:51:35
349,San Quintin,30.4833,-115.95,73.0,34,0,8.57,MX,2021-11-28 19:51:36
350,Raudeberg,61.9875,5.1352,27.27,40,100,4.81,NO,2021-11-28 19:51:36
351,Huilong,31.8111,121.655,58.46,87,77,7.25,CN,2021-11-28 19:51:36
352,Taseyevo,57.2169,94.8978,22.41,89,100,13.8,RU,2021-11-28 19:51:37
353,Mizan Teferi,6.9833,35.5833,67.24,72,99,2.89,ET,2021-11-28 19:51:37
354,Muli,2.9167,73.5667,82.6,72,100,15.08,MV,2021-11-28 19:51:37
355,Guerrero Negro,27.9769,-114.0611,77.5,34,0,6.15,MX,2021-11-28 19:49:03
356,Kortkeros,61.8106,51.5806,30.2,97,100,7.54,RU,2021-11-28 19:51:38
357,Dedovichi,57.5517,29.9502,28.33,98,100,2.55,RU,2021-11-28 19:51:38
358,Sur,22.5667,59.5289,73.96,58,0,0.49,OM,2021-11-28 19:51:39
359,Nioro,13.35,-15.75,85.77,23,23,9.71,GM,2021-11-28 19:51:39
360,Porto Velho,-8.7619,-63.9039,75.25,94,90,2.3,BR,2021-11-28 19:51:39
361,Zlobin,45.2924,14.6541,36.7,81,75,3.44,HR,2021-11-28 19:51:40
362,Ust-Nera,64.5667,143.2,-12.71,98,100,3.67,RU,2021-11-28 19:51:40
363,Progreso,21.2833,-89.6667,80.56,63,47,11.03,MX,2021-11-28 19:51:40
364,Esperance,-33.8667,121.9,64.24,87,92,14.97,AU,2021-11-28 19:51:41
365,Frankfort,-27.2667,28.4833,61.57,67,10,1.39,ZA,2021-11-28 19:47:01
366,Palora,-1.7,-77.9333,87.78,50,69,5.5,EC,2021-11-28 19:51:41
367,Mareeba,-17.0,145.4333,72.32,97,34,2.33,AU,2021-11-28 19:52:42
368,Tezu,27.9167,96.1667,60.84,49,0,4.23,IN,2021-11-28 19:52:42
369,Akhaldaba,41.654,42.1516,52.36,86,95,5.3,GE,2021-11-28 19:52:42
370,Aloleng,16.1307,119.7824,79.47,76,41,5.7,PH,2021-11-28 19:52:43
371,Bahia Honda,22.9036,-83.1592,77.27,59,27,7.54,CU,2021-11-28 19:52:43
372,Sept-Iles,50.2001,-66.3821,32.52,64,75,11.5,CA,2021-11-28 19:49:04
373,George Town,5.4112,100.3354,76.95,88,20,0.0,MY,2021-11-28 19:52:43
374,Olinda,-8.0089,-34.8553,83.93,70,40,10.36,BR,2021-11-28 19:52:44
375,Port Maria,18.3685,-76.8895,87.76,66,53,7.92,JM,2021-11-28 19:52:44
376,Peniche,39.3558,-9.3811,56.68,88,72,20.87,PT,2021-11-28 19:52:44
377,Saint-Philippe,-21.3585,55.7679,76.59,83,41,3.65,RE,2021-11-28 19:52:45
378,Madingou,-4.1536,13.55,74.5,91,100,2.66,CG,2021-11-28 19:52:45
379,Dudinka,69.4058,86.1778,-21.51,100,100,1.16,RU,2021-11-28 19:52:45
380,Kasongo-Lunda,-6.4667,16.8167,69.42,96,99,1.66,CD,2021-11-28 19:52:46
381,Iqaluit,63.7506,-68.5145,24.53,63,90,6.91,CA,2021-11-28 19:49:00
382,Dekar,-21.5333,21.9333,75.36,57,87,4.65,BW,2021-11-28 19:52:46
383,Bay Roberts,47.5999,-53.2648,47.95,74,78,14.18,CA,2021-11-28 19:52:47
384,Sao Joao Da Barra,-21.6403,-41.0511,71.69,88,90,5.66,BR,2021-11-28 19:52:47
385,Lasa,46.6166,10.7002,32.88,94,100,6.58,IT,2021-11-28 19:52:47
386,Gboko,7.3179,8.9951,84.2,21,100,3.49,NG,2021-11-28 19:52:48
387,Pinawa,50.1489,-95.8811,24.78,78,92,3.62,CA,2021-11-28 19:52:48
388,Siderno,38.2779,16.302,57.15,78,40,8.63,IT,2021-11-28 19:52:48
389,Ghanzi,-21.5667,21.7833,73.8,61,78,3.87,BW,2021-11-28 19:52:49
390,Ankang,32.68,109.0172,50.92,64,100,2.1,CN,2021-11-28 19:48:35
391,Lazaro Cardenas,17.9583,-102.2,85.66,52,4,8.7,MX,2021-11-28 19:52:49
392,Clyde River,70.4692,-68.5914,-3.77,84,100,17.27,CA,2021-11-28 19:52:49
393,Ode,7.7899,5.7117,77.54,32,20,2.71,NG,2021-11-28 19:52:50
394,Rotifunk,8.2333,-12.6833,76.51,92,95,3.78,SL,2021-11-28 19:52:50
395,Narsaq,60.9167,-46.05,37.62,100,100,3.09,GL,2021-11-28 19:48:55
396,Mount Gambier,-37.8333,140.7667,48.11,93,0,5.75,AU,2021-11-28 19:52:51
397,Sao Gabriel Da Cachoeira,-0.1303,-67.0892,93.0,55,40,2.3,BR,2021-11-28 19:52:51
398,Walvis Bay,-22.9575,14.5053,61.75,88,0,9.22,NA,2021-11-28 19:52:51
399,Namibe,-15.1961,12.1522,69.46,76,90,7.0,AO,2021-11-28 19:52:52
400,Tucuman,-26.8241,-65.2226,82.4,34,75,9.22,AR,2021-11-28 19:50:15
401,Mugur-Aksy,50.35,90.5,5.61,90,46,6.11,RU,2021-11-28 19:52:52
402,Nanticoke,41.2054,-76.0049,39.09,95,100,6.35,US,2021-11-28 19:52:53
403,Brae,60.3964,-1.353,31.91,55,100,8.48,GB,2021-11-28 19:52:53
404,Laksham,23.2472,91.1425,61.54,68,3,3.76,BD,2021-11-28 19:52:53
405,Gananoque,44.3334,-76.1661,31.59,86,100,9.31,CA,2021-11-28 19:52:54
406,Anadyr,64.75,177.4833,1.9,85,90,4.47,RU,2021-11-28 19:52:54
407,Barcelona,41.3888,2.159,45.91,57,20,17.27,ES,2021-11-28 19:50:53
408,Terney,45.0503,136.6092,33.71,69,79,7.23,RU,2021-11-28 19:52:54
409,Takoradi,4.8845,-1.7554,80.58,80,99,6.35,GH,2021-11-28 19:49:05
410,Port Hedland,-20.3167,118.5667,75.25,83,38,6.91,AU,2021-11-28 19:52:55
411,Tuatapere,-46.1333,167.6833,55.31,55,29,1.92,NZ,2021-11-28 19:52:56
412,Esna,25.2934,32.554,71.62,18,100,3.94,EG,2021-11-28 19:52:56
413,Port-Cartier,50.0334,-66.8654,32.22,65,100,14.29,CA,2021-11-28 19:52:56
414,Pisco,-13.7,-76.2167,73.45,64,0,16.11,PE,2021-11-28 19:52:57
415,Meulaboh,4.1363,96.1285,74.41,91,100,4.05,ID,2021-11-28 19:53:57
416,Brasilia,-15.7797,-47.9297,76.12,65,40,14.97,BR,2021-11-28 19:53:31
417,Yekaterinovka,52.0508,44.3451,37.8,98,100,7.23,RU,2021-11-28 19:53:58
418,San Rafael Del Sur,11.8485,-86.4384,90.57,42,0,7.61,NI,2021-11-28 19:53:58
419,Belyy Yar,53.6039,91.3903,24.69,54,0,11.18,RU,2021-11-28 19:53:58
420,Victor Harbor,-35.5667,138.6167,53.69,74,0,1.7,AU,2021-11-28 19:53:59
421,Whitehorse,60.7161,-135.0538,-5.03,84,20,3.44,CA,2021-11-28 19:50:22
422,Mvuma,-19.2792,30.5283,67.6,55,0,6.6,ZW,2021-11-28 19:53:59
423,Vila Velha,-20.3297,-40.2925,76.95,78,40,5.75,BR,2021-11-28 19:54:00
424,Asau,46.4333,26.4,43.72,76,100,3.87,RO,2021-11-28 19:54:00
425,Wakkanai,45.4094,141.6739,48.02,75,75,29.93,JP,2021-11-28 19:54:00
426,Fiche,9.8,38.7333,47.14,66,6,5.88,ET,2021-11-28 19:54:01
427,Abu Dhabi,24.4667,54.3667,77.11,61,0,9.22,AE,2021-11-28 19:52:00
428,Grand Gaube,-20.0064,57.6608,75.6,71,7,7.05,MU,2021-11-28 19:54:01
429,Berezovyy,51.6667,135.7,13.84,96,100,2.08,RU,2021-11-28 19:54:02
430,Nichinan,31.6,131.3667,51.33,75,59,6.29,JP,2021-11-28 19:54:02
431,Ulagan,50.6321,87.9563,9.73,93,99,0.94,RU,2021-11-28 19:54:02
432,Kamariotissa,40.4833,25.4667,59.02,81,100,37.58,GR,2021-11-28 19:54:03
433,Labuhan,-6.8844,112.2051,76.19,90,100,3.76,ID,2021-11-28 19:50:10
434,Tuy Hoa,13.0833,109.3,75.0,96,100,3.58,VN,2021-11-28 19:54:03
435,East London,-33.0153,27.9116,69.44,77,20,5.48,ZA,2021-11-28 19:54:03
436,Asosa,10.0667,34.5333,72.12,41,50,2.24,ET,2021-11-28 19:54:04
437,Ambovombe,-25.1667,46.0833,65.7,65,9,19.08,MG,2021-11-28 19:54:04
438,Flinders,-34.5833,150.8552,56.48,79,82,5.03,AU,2021-11-28 19:54:04
439,Petropavlovsk-Kamchatskiy,53.0452,158.6483,7.39,66,0,2.24,RU,2021-11-28 19:54:05
440,San Jose,37.3394,-121.895,67.82,55,1,5.75,US,2021-11-28 19:54:05
441,Tazovskiy,67.4667,78.7,-14.48,100,90,5.1,RU,2021-11-28 19:54:05
442,Samarai,-10.6167,150.6667,82.18,80,100,7.58,PG,2021-11-28 19:50:13
443,Harper,4.375,-7.7169,79.34,81,49,5.79,LR,2021-11-28 19:54:06
444,Magnolia,33.2671,-93.2393,65.46,42,0,6.67,US,2021-11-28 19:54:06
445,Zhoucheng,35.9122,116.3117,45.25,84,1,1.97,CN,2021-11-28 19:54:07
446,Hammerfest,70.6634,23.6821,17.33,72,0,14.97,NO,2021-11-28 19:50:21
447,Longfeng,46.55,125.1167,16.36,91,54,9.93,CN,2021-11-28 19:54:07
448,Yurimaguas,-5.9,-76.0833,93.36,37,40,9.22,PE,2021-11-28 19:54:08
449,Springbok,-29.6643,17.8865,58.55,77,20,4.05,ZA,2021-11-28 19:54:08
450,Sioux Lookout,50.1001,-91.917,23.38,63,90,6.91,CA,2021-11-28 19:54:08
451,Beyneu,45.3167,55.2,36.63,45,95,10.27,KZ,2021-11-28 19:54:09
452,Constitucion,-35.3333,-72.4167,64.36,55,5,21.97,CL,2021-11-28 19:54:09
453,Cockburn Town,21.4612,-71.1419,80.56,65,40,8.05,TC,2021-11-28 19:54:09
454,Aykhal,66.0,111.5,-15.05,97,100,3.89,RU,2021-11-28 19:54:10
455,Kavaratti,10.5669,72.642,80.58,79,100,11.27,IN,2021-11-28 19:54:10
456,Betioky,-23.7167,44.3833,64.51,57,0,10.2,MG,2021-11-28 19:54:11
457,Burnie,-41.0667,145.9167,50.67,82,9,5.75,AU,2021-11-28 19:54:11
458,Nago,26.5881,127.9761,70.23,65,100,18.43,JP,2021-11-28 19:54:11
459,Tra Vinh,9.9347,106.3453,75.11,96,100,5.66,VN,2021-11-28 19:54:12
460,Boa Vista,2.8197,-60.6733,93.18,38,20,14.97,BR,2021-11-28 19:54:12
461,Dali,25.7,100.1833,44.13,77,1,2.93,CN,2021-11-28 19:55:09
462,Waipawa,-41.4122,175.5153,61.43,72,73,4.43,NZ,2021-11-28 19:52:47
463,Jalgaon,21.0167,75.5667,66.81,43,69,6.91,IN,2021-11-28 19:55:13
464,Amuntai,-2.4177,115.2494,71.98,99,100,0.56,ID,2021-11-28 19:55:13
465,Skibbereen,51.55,-9.2667,49.8,85,100,12.33,IE,2021-11-28 19:55:13
466,Nelson Bay,-32.7167,152.15,60.85,76,100,6.15,AU,2021-11-28 19:55:14
467,Padang,-0.9492,100.3543,76.33,87,94,2.39,ID,2021-11-28 19:55:14
468,Shumskiy,54.8318,99.1328,24.24,67,100,11.72,RU,2021-11-28 19:55:15
469,San Angelo,31.4638,-100.437,65.55,28,0,8.7,US,2021-11-28 19:55:15
470,Saint-Joseph,-21.3667,55.6167,75.58,85,34,4.07,RE,2021-11-28 19:55:15
471,Ponca City,36.707,-97.0856,55.89,30,1,3.11,US,2021-11-28 19:54:57
472,Locri,38.2414,16.2623,57.11,78,42,8.77,IT,2021-11-28 19:55:16
473,Whitecourt,54.1502,-115.6855,34.84,93,90,5.75,CA,2021-11-28 19:55:16
474,Half Moon Bay,37.4636,-122.4286,67.87,59,1,6.91,US,2021-11-28 19:53:29
475,Viesca,25.35,-102.8,68.34,33,88,8.68,MX,2021-11-28 19:55:17
476,Doha,25.2867,51.5333,71.58,48,0,9.22,QA,2021-11-28 19:51:08
477,Presidencia Roque Saenz Pena,-26.7852,-60.4388,81.64,58,48,11.05,AR,2021-11-28 19:55:17
478,Mafinga,-7.25,35.0667,74.12,58,93,7.11,TZ,2021-11-28 19:55:17
479,Port-De-Bouc,43.4,4.9833,42.82,70,0,11.5,FR,2021-11-28 19:55:18
480,Vestmannaeyjar,63.4427,-20.2734,41.65,94,100,15.99,IS,2021-11-28 19:55:18
481,Panjab,34.388,67.0233,25.3,86,7,1.1,AF,2021-11-28 19:55:19
482,Pierre,44.3683,-100.351,45.52,53,1,5.75,US,2021-11-28 19:52:14
483,Beringovskiy,63.05,179.3167,3.65,96,97,4.97,RU,2021-11-28 19:52:28
484,Auki,-8.7676,160.7034,78.78,85,82,4.38,SB,2021-11-28 19:55:19
485,Morehead,37.2711,-87.1764,49.75,46,1,6.91,US,2021-11-28 19:55:20
486,Saint-Paul,-21.0096,55.2707,77.11,88,15,2.95,RE,2021-11-28 19:55:20
487,El Rosario,24.2556,-107.1828,82.22,39,98,5.86,MX,2021-11-28 19:55:20
488,Sayaxche,16.5167,-90.1667,82.4,55,97,1.81,GT,2021-11-28 19:55:21
489,Kokkola,63.8385,23.1307,5.16,85,0,3.44,FI,2021-11-28 19:55:21
490,Eureka,40.8021,-124.1637,54.21,82,79,4.7,US,2021-11-28 19:55:21
491,Ewa Beach,21.3156,-158.0072,78.75,83,90,8.05,US,2021-11-28 19:55:22
492,Kholmy,51.871,32.6006,41.47,94,100,11.18,UA,2021-11-28 19:55:22
493,Keti Bandar,24.1447,67.4497,75.27,31,0,12.35,PK,2021-11-28 19:55:23
494,Berdigestyakh,62.0989,126.6992,-5.62,99,100,4.5,RU,2021-11-28 19:55:23
495,Panama City,8.9936,-79.5197,82.35,79,40,9.22,PA,2021-11-28 19:50:27
496,Asini,37.5454,22.8621,61.92,78,6,2.59,GR,2021-11-28 19:55:24
497,Beira,-19.8436,34.8389,75.29,73,0,8.05,MZ,2021-11-28 19:55:24
498,San Policarpo,12.1791,125.5072,80.4,83,100,12.62,PH,2021-11-28 19:55:24
499,Huntsville,34.7304,-86.5861,60.82,47,1,4.61,US,2021-11-28 19:53:13
500,Reconquista,-29.15,-59.65,76.01,60,95,16.35,AR,2021-11-28 19:55:25
501,Hojai,26.0,92.8667,58.87,90,2,3.44,IN,2021-11-28 19:55:25
502,Ziarat,30.3823,67.7282,36.97,38,0,4.23,PK,2021-11-28 19:55:25
503,Denpasar,-8.65,115.2167,76.66,88,40,1.14,ID,2021-11-28 19:55:26
504,La Ronge,55.1001,-105.2842,23.25,74,90,12.66,CA,2021-11-28 19:54:10
505,Bilma,18.6853,12.9164,76.8,16,100,7.34,NE,2021-11-28 19:55:26
506,Kathu,7.9178,98.3332,75.02,79,98,7.72,TH,2021-11-28 19:56:27
507,Safford,32.834,-109.7076,68.34,23,0,9.33,US,2021-11-28 19:56:27
508,Alyangula,-13.8483,136.4192,71.47,100,57,1.14,AU,2021-11-28 19:56:27
509,San Cristobal,7.7669,-72.225,78.98,52,62,3.58,VE,2021-11-28 19:52:50
510,San Juan,-31.5375,-68.5364,81.75,23,0,11.43,AR,2021-11-28 19:55:56
511,Marsh Harbour,26.5412,-77.0636,72.59,64,96,2.82,BS,2021-11-28 19:56:28
512,Richards Bay,-28.783,32.0377,74.88,67,0,12.95,ZA,2021-11-28 19:56:28
513,Naze,28.3667,129.4833,63.72,64,100,14.47,JP,2021-11-28 19:56:28
514,Aniva,46.7144,142.5294,17.71,86,91,5.68,RU,2021-11-28 19:56:29
515,Pyatnitskoye,50.4233,37.8273,42.31,95,100,7.76,RU,2021-11-28 19:56:29
516,Lagoa,39.05,-27.9833,60.42,55,60,1.59,PT,2021-11-28 19:56:29
517,Tupelo,34.2576,-88.7034,58.82,50,9,9.24,US,2021-11-28 19:56:30
518,Prince Rupert,54.3161,-130.3201,44.29,70,90,12.66,CA,2021-11-28 19:56:30
519,Kimbe,-5.5502,150.1429,76.48,90,100,2.19,PG,2021-11-28 19:56:30
520,Korla,41.7597,86.1469,23.49,49,0,3.15,CN,2021-11-28 19:56:31
521,Okhotsk,59.3833,143.3,-6.38,84,9,18.34,RU,2021-11-28 19:56:31
522,Taltal,-25.4,-70.4833,66.31,66,25,6.04,CL,2021-11-28 19:56:31
523,Kushmurun,52.4503,64.6311,5.61,88,100,3.31,KZ,2021-11-28 19:56:32
524,Mandera,3.9366,41.867,81.77,63,46,8.23,KE,2021-11-28 19:56:32
525,Namatanai,-3.6667,152.4333,79.54,82,82,5.84,PG,2021-11-28 19:54:10
526,Nan,18.8333,100.6667,65.05,95,100,1.39,TH,2021-11-28 19:56:33
527,Dori,14.0354,-0.0345,84.11,11,70,6.85,BF,2021-11-28 19:56:33
528,Xacmaz,41.4635,48.806,47.01,82,83,2.3,AZ,2021-11-28 19:54:00
529,Veraval,20.9,70.3667,76.53,48,60,5.57,IN,2021-11-28 19:56:33
530,Soyo,-6.1349,12.3689,80.65,88,100,6.71,AO,2021-11-28 19:56:34
531,Inirida,3.8653,-67.9239,82.11,87,95,1.03,CO,2021-11-28 19:56:34
532,Nampula,-15.1165,39.2666,73.35,68,0,11.5,MZ,2021-11-28 19:56:34
533,Itarema,-2.9248,-39.9167,83.25,69,33,15.93,BR,2021-11-28 19:56:35
534,Portland,45.5234,-122.6762,58.73,84,100,7.18,US,2021-11-28 19:56:35
535,Rudbar,30.15,62.6,59.29,27,100,5.26,AF,2021-11-28 19:56:35
536,Campoverde,-8.4753,-74.8058,83.89,36,100,2.86,PE,2021-11-28 19:56:36
537,Ulaanbaatar,47.9077,106.8832,-0.27,85,0,2.24,MN,2021-11-28 19:55:14
538,Okha,53.5739,142.9478,22.17,71,100,8.68,RU,2021-11-28 19:56:36
539,Glyadyanskoye,54.9075,65.0883,20.23,75,100,11.77,RU,2021-11-28 19:56:37
540,Tiarei,-17.5333,-149.3333,78.82,79,62,16.55,PF,2021-11-28 19:56:37
541,Tilichiki,60.4667,166.1,21.38,95,100,9.62,RU,2021-11-28 19:56:37
542,Khandyga,62.6667,135.6,-16.31,100,100,0.76,RU,2021-11-28 19:56:38
543,Sabancuy,18.9667,-91.1833,80.33,64,100,9.24,MX,2021-11-28 19:56:38
544,Joshimath,30.5667,79.5667,46.47,23,0,7.27,IN,2021-11-28 19:56:38
545,Ponnani,10.767,75.9252,78.12,96,100,10.87,IN,2021-11-28 19:56:39
546,Extremoz,-5.7056,-35.3072,86.45,62,20,16.11,BR,2021-11-28 19:51:56
547,Puerto Lleras,3.0223,-73.4044,81.68,85,80,3.29,CO,2021-11-28 19:56:39
548,Port Lincoln,-34.7333,135.8667,58.89,77,1,6.06,AU,2021-11-28 19:56:39
549,Chernyshevskiy,63.0128,112.4714,-19.23,100,99,1.79,RU,2021-11-28 19:56:40
550,Teahupoo,-17.8333,-149.2667,73.36,80,91,20.31,PF,2021-11-28 19:56:40
551,Santa Isabel,-23.3156,-46.2214,85.71,48,59,5.41,BR,2021-11-28 19:52:49
552,Bijbiara,33.8,75.1,39.74,46,0,1.95,IN,2021-11-28 19:56:41
553,Ustye,59.6304,39.736,24.3,91,93,9.06,RU,2021-11-28 19:57:41
554,Aitape,-3.1374,142.3475,78.01,86,98,5.28,PG,2021-11-28 19:57:41
555,Kalmunai,7.4167,81.8167,78.51,85,84,3.74,LK,2021-11-28 19:57:42
556,Pontalina,-17.525,-49.4472,83.62,59,78,8.12,BR,2021-11-28 19:57:42
557,Quatre Cocos,-20.2078,57.7625,75.31,72,4,5.17,MU,2021-11-28 19:55:25
558,Burgeo,47.6167,-57.6152,39.85,67,47,22.73,CA,2021-11-28 19:57:43
559,North Bend,43.4065,-124.2243,53.51,100,90,6.91,US,2021-11-28 19:57:43
